SiteCode,SiteName,Tower,EN_ID,Location,Lon,Lat,Elevation,TopAGL,BotAGL
VIC,Victorville,1,GHG39,LosAngeles_CA,-117.287,34.609,1370,100,50
GRA,Granada Hills,1,GHG44,LosAngeles_CA,-118.473,34.284,391,51,31
SCI,San Clemente Island,1,GHG45,LosAngeles_CA,-118.488,32.915,489,27,2
CIT,Caltech,0,GHG49,LosAngeles_CA,-118.126,34.137,230,48,48
USC1,University of Southern California (downtown LA) 1,0,LSN01,LosAngeles_CA,-118.289,34.021,55,50,50
USC2,University of Southern California (downtown LA) 2,0,LSN01-B,LosAngeles_CA,-118.289,34.021,55,50,50
COM,Compton,1,LSN05,LosAngeles_CA,-118.277,33.874,9,45,25
FUL,CSU Fullerton,0,LSN06,LosAngeles_CA,-117.884,33.880,75,50,50
ONT,Ontario,1,SNBCC,LosAngeles_CA,-117.584,34.064,260,41,25
CNP,Canoga Park,0,CNGPR,LosAngeles_CA,-118.604,34.195,245,15,15
IRV,UC Irvine,0,IRV01,Irvine_CA,-117.844,33.644,10,20,20
LJO,La Jolla,1,SNDGS,SanDiego_CA,-117.257,32.867,0,13,13

